id,long_name,short_name,description,parent_id,,,
0,,,0000-DAR use only,,,,
201,,,201-BHS - Gettysburg,,,,
202,,,202-Adams Health Ctr Specialty Car,,,,
203,,,203-WS Orthopedics - GB,,,,
204,,,204-WS Surg Specialist-GB,,,,
205,,,205-GB Gastroenterology,,,,
206,,,206-GB Hospital ED,,,,
207,,,207-GB Pathology,,,,
208,,,208-GB Anesthesiology,,,,
209,,,209-WAHC Medical Oncology,,,,
210,,,210 - WS Cardiology York/Hanover (formerly CDA),,,,
211,,,211 - Palliative Care-Adams,,,,
212,,,212-Intervntnl Physiatry-Adams,,,,
214,,,214-WS CFMBH at GB WAHC,,,,
215,,,215-WS Ped Hospitalists-Gettysburg,,,,
220,,,220 - WIM - Washington St,,,,
221,,,221-WS Bariatric Surgery - York,,,,
222,,,222-Adams Specialty - Neuro,,,,
223,,,223 - WS Surg Specialists Queen St.,,,,
248,,,248 - WMG - Float Staff,,,,
249,,,249 - WFM-Littlestown,,,,
251,,,251 - WFM-Herr's Ridge,,,,
252,,,252 - WFM-Thurmont,,,,
253,,,253 - WFM-Fairfield,,,,
254,,,254 - WFM Aspers,,,,
255,,,255 - GB Hospitalists,,,,
256,,,256 - Nephrology York,,,,
257,,,257-Infectious Disease,,,,
258,,,258-Palliative Supt Care-York,,,,
259,,,259-Wellspan Neurosurgery,,,,
260,,,260-WS OB/GYN Gettysburg,,,,
268,,,268-WS Orthopedics - Hanover,,,,
270,,,270-Nephrology Littlestown/Hanover,,,,
271,,,271-Wellspan Radiology,,,,
272,,,272-Ortho-York-Apple Hill,,,,
274,,,274-Wellspan Physiatry-York (Spine),,,,
276,,,276-Surgical Oncology,,,,
277,,,277-WS Pulmonary & Sleep Medicine,,,,
278,,,278-Wellspan Radiation Oncology,,,,
279,,,279-Stonebridge BHS,,,,
281,,,281 - WellSpan Urgent Care - EYork,,,,
282,,,282 - WellSpan Urgent Care - Wash St,,,,
283,,,283 - Urgent Care - Shrewsbury,,,,
284,,,284-Urgent Care Administration,,,,
285,,,285-Wound Healing Center,,,,
286,,,286-BH Inpatient,,,,
287,,,287 - BH Outpatient Administration,,,,
294,,,294-Clinical Quality,,,,
295,,,295-Accountable Care Innovations,,,,
296,,,296 - Bridges to Health,,,,
297,,,297-Quality and Innovation,,,,
298,,,298-Referral Center,,,,
299,,,299 - Nurse Triage Call Center,,,,
301,,,301-Med Group Administration,,,,
303,,,303-WS CFMBH at PGC,,,,
309,,,309-Covid Support,,,,
310,,,310-Contact Center,,,,
311,,,311 - WFM-Stony Brook,,,,
312,,,312 - WFM-Dallastown,,,,
313,,,313 - WFM-Wheatlyn,,,,
314,,,314 - WFM-Bannister St,,,,
315,,,315 - WFM-Stonebridge,,,,
316,,,316 - WFM-East Berlin,,,,
317,,,317-Apple Hill Internal Medicine,,,,
319,,,319 - PC Finance Control - York,,,,
321,,,321 - WFM-Plymouth Rd,,,,
323,,,323 - WFM-Chanceford,,,,
324,,,324 - WFM-Hayshire,,,,
327,,,327 - WFM-Valley Green,,,,
328,,,328 - WPM-S Queen/Dover,,,,
329,,,329 - WPM-S George/Red Lion,,,,
330,,,330 - WPM - East Market Street,,,,
331,,,331 - WFM - Roosevelt Ave,,,,
332,,,332 - WFM-Frederick St,,,,
333,,,333 - WFM-Clover Lane,,,,
336,,,336 - WIM-Red Lion,,,,
337,,,337 - WIM-Dover,,,,
338,,,338 - WIM-V-Twin Drive,,,,
341,,,341-YHCHC Physicians,,,,
343,,,343-Urogynecology,,,,
344,,,344-Endocrinology,,,,
345,,,345-Rheumotology,,,,
346,,,346-WS Trauma & Critical Care Sgry,,,,
347,,,347-WS Neonatology,,,,
348,,,348-WS Maternal-Fetal Medicine,,,,
349,,,349-WS Psycholgy Intern Program,,,,
351,,,351-WS Pediatric Hospitalists,,,,
352,,,352-Wellspan Geriatrics,,,,
354,,,354-Meadowlands BHS,,,,
355,,Hospitalists,YH Hospitalists,,,,
357,,,357-Adult Neurology,,,,
359,,,359-CT Surgery,,,,
360,,,360-Gyn Onc Services,,,,
374,,,374-WS OB/GYN - Hanover,,,,
375,,,375-WS OB/GYN - S Queen Street,,,,
376,,,376-WS OB/GYN - Stony Brook,,,,
377,,,377-WS OB/GYN - Stonebridge,,,,
389,,,389-Pediatric Neurosciences,,,,
390,,,390-Wellspan Academic Surgical,,,,
391,,,391-Wellspan Gastroenterology,,,,
392,,,392-Wellspan Urology,,,,
393,,,393-MG for York Hospital ED,,,,
394,,,394-WS Neurology - Chambersburg,,,,
395,,,395-Academic Hospitalists,,,,
396,,,396-OB/GYN Resident Faculty,,,,me
397,,,397-Radiation Oncology-Cburg,,,,
398,,,398-Future Sites - Primary Care,,,,
402,,,402-Administration,,,,
403,,,403-EAP,,,,
404,,,"404-Centralized Verification Svcs	",,,,
405,,,405-WS Pharmacy-Admin,,,,
406,,,406-WS Pharmacy-York Hospital,,,,
407,,,407-WS Pharmacy-Apple Hill,,,,
417,,,417-AH Surgical Center Inc.,,,,
418,,,418-AH Surgical Partners,,,,
421,,,421 - SCP Information Services,,,,
422,,,422 - SCP Administration,,,,
423,,,423 - SCP Finance,,,,
424,,,424 - SCP Marketing,,,,
425,,,425 - York Health Plan - Claims,,,,
426,,,426 - SCP Customer Service,,,,
427,,,427 - SCP Medical Management,,,,
428,,,428 - SCP Provider Relations,,,,
469,,,469-Wellness,,,,
509,,,509 - Wellspan Pharmacy - Dallastown,,,,
510,,,510 - Wellspan Infusion Services,,,,
511,,,511 - Wellspan Pharmacy at ECH,,,,
512,,,512 - Wellspan Pharmacy - Fairfield,,,,
513,,,513 - Wellspan Pharmacy - Adams HC,,,,
520,,,520 - GBH Foundation (formerly cc81104),,,,
602,,,602-Urgent Care South York (formerly CareExpress Queen St),,,,
630,,,630-Occ Health-York-East York,,,,
631,,,r,,,,
632,,,632-Occ Health-Adams,,,,
650,,,650 - Interventional Physiatry,,,,
652,,,652 - WS Physiatry - Rehab,,,,
655,,,655-Hospitalists-York-WSRH,,,,
660,,,660-WS Dermatology,,,,
661,,,661-WS Cardiology,,,,
662,,,662-Card Heart Failure-York,,,,
663,,,663-Neonatology - Chambersburg,,,,
670,,,670-Anesthesia-York-YH,,,,
673,,,673 - YH Thomas Hart FP,,,,
674,,,674-Dental Providers-York,,,,
685,,,685-WPM Joppa Road,,,,
690,,,690-WS Urgent Orthopedic - York,,,,
691,,,691-WS Urgent Orthopedic - Hanover,,,,
692,,,692-Urgent Ortho-Adams,,,,
693,,,693-WS Ortho-York-FM/Sports Med,,,,
906,,,906 - HH Nursing - GSH,,,,
907,,,907-VNA HH Nursing - Eph Gen'l,,,,
908,,,908-HH Rehab - GB,,,,
909,,,909-HH Gettysburg,,,,
910,,,910-HH General,,,,
911,,,911 - VNA Home Health - North Skilled Nursing,,,,
912,,,912 - VNA Home Health - South Skilled Nursing,,,,
914,,,914 - VNA Home Health Admin,,,,
915,,,915 - VNA Home Health - York Gen. Skill Nurse,,,,
916,,,916 - VNA - York Physical Therapy,,,,
917,,,917 - VNA Hospice - Routine Home Care,,,,
926,,,926 - HH Rehab - GSH,,,,
927,,,927 - HH Rehab - Ephrata,,,,
928,,,928-HH Rehab - York,,,,
931,,,931-Hospice-General,,,,
940,,,940-VNA Administration,,,,
941,,,941-VNA Intake,,,,
942,,,942-VNA Case Management,,,,
943,,,943-Facility,,,,
944,,,944-GHHHA-Supplies/Other,,,,
945,,,945-VNA Business Operations,,,,
947,,,947-VNA York Occup/Speech Therapy,,,,
1320,,,1320 - Cherry Tree Cancer Center,,,,
1325,,,1325 - Cherry Tree Physician Assoc.,,,,
1351,,,1351 - GS PHO,,,,
1360,,,1360 - Quest Behavioral Health,,,,
1500,,,1500 - Wellspan Health Administration,,,,
1501,,,1501 - YH Patient Registration,,,,
1502,,,1502-Customer Service & Collections,,,,
1503,,,1503 - Billing,,,,
1504,,,1504 - Financial Services,,,,
1505,,,1505 - Compliance (West),,,,
1506,,,1506 - Audit Services,,,,
1507,,,1507 - Patient Access Call Center,,,,
1509,,,1509 - GH Credit and Collection,,,,
1514,,,1514 - Corporate Finance,,,,
1515,,,1515 - Revenue Management,,,,
1516,,,1516 - WSH - Finance Control,,,,
1517,,,1517 - Access Management,,,,
1518,,,1518 - Insurance Specialty Center,,,,
1519,,,1519 - GH Emergency Registration,,,,
1520,,,1520 - WAHC Patient Registration,,,,
1521,,,1521 - Switchboard Operator,,,,
1522,,,1522 - Continuing Care,,,,
1525,,,1525-COVID-19,,,,
1527,,,1527 - Population Health & Payor Contracts,,,,
1530,,,1530 -  Telecommunications,,,,
1531,,,1531 - Network Services,,,,
1532,,,1532 - IS Desktop Services,,,,
1533,,,1533 - Strategic Initiatives,,,,
1534,,,1534 - IS Application Integration Services,,,,
1535,,,1535 - Enterprise Business Applctions,,,,
1536,,,1536 -  IS Production Support Services,,,,
1537,Information Technology,IT,1537 - Information Technology,,,,
1538,,,1538 - EPIC Training,,,,
1539,,,1539 - Computer Operations,,,,
1540,,,1540 - IS Clinical Applications,,,,
1541,,,1541 - Office of Production Quality (OPQ),,,,
1542,,,1542 - Imaging/Cardiovscr Application,,,,
1543,,,1543 - Project Knowledge Office,,,,
1544,,,1544 - Clinical Informatics,,,,
1547,,,1547 - eCare MSO,,,,
1550,,,1550 - E Health,,,,
1551,,,1551 - IS Cabling Installation,,,,
1553,Biomedical Engineering,Biomed,1553 - WellSpan Biomed,,,,
1555,,,1555 - Risk Management,,,,
1557,,,1557 - Clinical Improvement,,,,
1559,,,1559 - Aligning Forces for Quality,,,,
1560,,,1560 - Planning,,,,
1561,Public Relations & Marketing,PR,1561 - Public Relations & Marketing,,,,
1562,,,1562 - Printing (formerly Printing and Duplicating),,,,
1563,,,1563 - Patient Access Administration,,,,
1564,,,1564 - Patient & Family Experience,,,,
1565,,,1565 - Healthy York County Coalition,,,,
1567,,,1567 - Physician Office Liasion,,,,
1569,,,1569 - Property Management,,,,
1570,,,1570 - Design & Construction Services,,,,
1571,,,1571 - Procurement and Contracting (formerly Purchasing),,,,
1572,,,1572 - GH Materials Management,,,,
1573,,,1573 - Supply Chain Administration (formerly York Materials Management),,,,
1576,,,1576 - Mail Center (formerly WellSpan Mail Center),,,,
1578,,,1578 - ERA Office,,,,
1580,Human Resources,HR,1580 - Human Resources,,,,
1581,,,1581 - HR Employment,,,,
1582,,,1582 - HR Benefits,,,,
1583,,,1583 - HR Payroll,,,,
1584,,,1584 - HR Compensation,,,,
1585,,,1585 - Employee Benefit Insurance,,,,
1586,,,1586 - Organizational Learning & Development,,,,
1587,,,1587 - Employee Health & Safety,,,,
1589,,,1589 - Childcare Services,,,,
1590,,,1590 - MSO - Ambulatory Imaging (WHCS),,,,
1591,,,1591 - Physician Recruitment,,,,
1595,,,1595 - GH Education,,,,
1596,,,1596 - GH Human Resources (81501),,,,
1600,,,1600 - WellSpan Philanthropy,,,,
1610,,,1610 - Acute Care Nursing Practice,,,,
1615,,,1615 - Nursing Research,,,,
1620,,,1620-Corporate Case Management,,,,
1621,,,1621 - Case Mgmt Operations York/Adams,,,,
1622,,,1622 - Corporate Help Fund,,,,
1623,,,1623 - Corporate Interpreters,,,,
1625,,,1625 - Emig Research Center,,,,
1630,,,1630 - Corporate Patient Safety,,,,
1635,,,1635 - Corporate Infection Control,,,,
1640,,,1640 - HIM-Corporate,,,,
1641,,,1641 - HIM - Transcription Services,,,,
1642,,,1642 - HIM - Release of Information,,,,
1643,,,1643 - HIM - Clinical Coding,,,,
1644,,,1644 - HIM - Clinical Documentation Imp,,,,
1645,,,1645 - HIM - Data Integrity,,,,
1652,,,1652 - HYN SCP/Disease Management,,,,
1661,,,1661-PacMAT,,,,
1670,YH Main 1 Main,,1670 - Volunteer Engagement,,,,
1672,,,1672 - Community Health Improve Corp,,,,
1673,,,1673 - Performance Improvement,,,,
6010,,,6010 - Nursing Affairs - YH,,,,
6012,,,6012 - Nursing Research,,,,
6015,,,6015 - Pre-Hospital Assessment Services - YH,,,,
6017,,,6017 - Patient Logistics - YH,,,,
6018,,,6018 - Customer Relations - YH,,,,
6020,,,6020 - Bereavment Services,,,,
6022,,,6022 - 3 Main Nursing,,,,
6023,,,6023 - Oncology Nursing Unit,,,,
6024,,,6024 - 5 South Nursing Unit - YH,,,,
6025,,,6025 - 5 East LTAC Unit,,,,
6026,,,6026 - 6 Main Nursing Unit - YH,,,,
6028,,,6028 - 6 South - YH,,,,
6029,,,6029-PCT3-Ortho/Neuro Surgical,,,,
6031,,,6031 - 5 Main Nursing,,,,
6035,,,6035 - 4 Main Cardio,,,,
6040,,,6040 - Adolescent Inpatient,,,,
6041,,,6041 - Child/Adolescent Outpatient,,,,
6050,,,6050 - Pediatric Nursing Unit,,,,
6060,,,6060 - Adult Inpatient Psych Program,,,,
6065,,,6065 - Center for Aging,,,,
6080,,,6080 - T4 - Maternity/Newborn Unit,,,,
6085,,,6085 - Parent Education,,,,
6087,,,6087 - Lactation Center,,,,
6091,,,6091 - Neonatal Inten/Interm Care Unit,,,,
6100,,,6100 - Women's O/P Specialty Services,,,,
6121,Medical Surgical Intensive Care Unit,MSICU,6121 - Medical Surg ICU,,,,
6122,Open Heart Intensive Care Unit,OHICU,Open Heart Intensive Care Unit (OHICU),,,,
6123,Coronary Care Unit,,6123 - Coronary Care Unit,,,,
6124,Trauma Surgical Intensive Care Unit,TSICU,6124 - Trauma Surgical Intensive Care Unit (TSICU),,,,
6125,Surgical Transitional Care Unit,STCU,6125 - Surgical Transitional Care Unit (STCU),,,,
6126,Medical Transitional Care Unit,MTCU,6126 - Medical Transitional Care Unit (MTCU),,,,
6128,,,6128 - 4 Main North Nursing Unit,,,,
6131,,,6131 - T2 - Cardiovascular SD Unit,,,,
6132,,,6132 - 4 Southwest Nursing Unit,,,,
6136,,,6136 - 3 South Nursing,,,,
6190,,,6190 - Labor & Delivery Rooms,,,,
6211,,,6211 - Operating Rooms - YH,,,,
6212,,,6212 - Intravenous Therapy - YH,,,,
6213,,,6213 - Open Heart Surgery - YH,,,,
6215,,,6215 - Advanced Procedural Suite (formerly Vascular Suite),,,,
6217,Short Stay Unit,SSU,6217 - Short Stay Unit - YH,,,,
6230,,,6230 - Enterostomal Therapy - YH,,,,
6232,,,6232 - Outpatient Infusion - YH,,,,
6233,,,6233 - Infection Control - YH,,,,
6235,,,6235 - Pulmonology Practice/LSCCC - YH,,,,
6236,,,6236 - Imaging Nursing - YH,,,,
6240,,,6240 - Post Anesthesia Care Unit - YH,,,,
6260,,,6260 - Gastroenterology - YH,,,,
6390,,,6390 - Child Life Therapy,,,,
6410,,,6410 - Central Services and Supply - YH,,,,
6550,,,6550-WS Ortho Administration,,,,
6570,,,6570 - Central Resource Pool - YH,,,,
6600,,,6600 - Medical Services Admin - YH,,,,
6700,,,6700 - Surgical Services Admin - YH,,,,
6710,,,6710 - Surg St. Cust. Service - YH,,,,
6720,,,6720 - Wound Clinic - YH,,,,
6800,,,6800 - Women and Child Administrative - YH,,,,
7010,,,7010 - Laboratory Admin & General - YH,,,,
7011,,,7011 - Laboratory Support Services - YH,,,,
7015,,,7015 - Anatomic Pathology,,,,
7016,,,7016 - Clinical Lab,,,,
7017,,,7017 - CPAL Referred Tests,,,,
7018,,,7018 - Cellular Microscopy Lab,,,,
7019,,,7019 - Microbiology Laboratory,,,,
7020,,,7020 - Phlebotomy Program,,,,
7025,,,7025 - Transfusion Services,,,,
7033,,,7033 - Electroencephalography (EEG),,,,
7034,,,7034 - Cardiac Diagnostic Lab (CDL),,,,
7035,,,7035 - AH Cardiac Rehabilitation,,,,
7040,,,7040 - AH Imaging Center 1st Floor,,,,
7041,,,7041 - YH Radiology,,,,
7042,,,7042 - Radiation Oncology,,,,
7043,,,7043 - YH Computer Tomography,,,,
7044,,,7044 - Cherry Tree Cancer Center,,,,
7046,,,7046 - MRI of York,,,,
7050,,,7050 - Cardiac Stress Testing,,,,
7054,,,7054 - AH Cardiac Stress Testing,,,,
7061,,,7061 - YH Nuclear Medicine,,,,
7062,,,7062 - YH Ultrasound,,,,
7063,,,7063 - Apple Hill Nuclear Medicine,,,,
7064,,,7064 - East Berlin Imaging,,,,
7065,,,7065 - East York Imaging,,,,
7066,,,7066 - Stonebridge Imaging,,,,
7067,,,7067 - Windsor Imaging,,,,
7068,,,7068 - Hayshire Imaging,,,,
7069,,,7069 - Dover Imaging - Diagnostic Center,,,,
7070,,,7070 - Pharmacy,,,,
7072,,,7072 - YH - MRI,,,,
7073,,,7073 - PET/CT,,,,
7074,,,7074-Imaging Ortho,,,,
7075,,,7075 - Nutrition Support Services,,,,
7076,,,7076 - Imaging Support Services,,,,
7077,,,7077-Imaging Hanover,,,,
7080,,,7080 - Anesthesia Services,,,,
7081,,,7081 - SRNA Training Program,,,,
7086,,,7086 - Imaging Support Services,,,,
7087,,,7087-WS Rehab - Valley Green,,,,
7088,,,7088 - WS Rehab - Red Lion,,,,
7089,,,7089 - Outpatient Pediatric Rehab,,,,
7090,,,7090 - Rehabilitation Medicine,,,,
7091,,,7091 - Physical Therapy,,,,
7092,,,7092-Occupational Therapy,,,,
7093,,,7093 - Speech - Language Pathology,,,,
7097,,,7097 - Nutr/Diabetes Educ/Counseling,,,,
7098,,,7098 - Hanover Rehab (former Go Sport),,,,
7099,,,7099-Wheatlyn Rehab,,,,
7100,,,7100 - Apple Hill Rehabilitation Medicine,,,,
7101,,,7101 - AH Physical Therapy,,,,
7102,,,7102 - PM & R Queensgate (Rehab),,,,
7103,,,7103 - PM & R - Bannister Street (Rehab),,,,
7104,,,7104 - Shrewsbury Rehab,,,,
7106,,,7106 - Littlestown Dialysis Center,,,,
7107,,,7107 - 4th Floor Dialysis,,,,
7109,,,7109 - Manheim Rehab,,,,
7120,,,7120-Dental Center,,,,
7121,,,7121 - Outpatient Clinics,,,,
7123,,,7123 - Satelite Imaging Centers,,,,
7124,,,7124 - Community Health Center,,,,
7126,,,7126 - WS MFM - YH,,,,
7127,,,7127 - Mother Child Clinic,,,,
7128,,,7128 - OB/Delivery,,,,
7129,,,7129 - Oncology Program Admin,,,,
7131,,,7131- Echo Cardiography,,,,
7134,,,7134 - Electrophysiology Lab,,,,
7135,,,7135 - Preventive Cardiology (located at Bannister St).,,,,
7140,,,7140 - Family Practice Center,,,,
7144,,,7144 - Radiation Safety,,,,
7147,,,7147 - Physics,,,,
7150,,,7150 - Clinical Lab Science Program,,,,
7158,,,7158 - Women's Imaging Center - 2nd fl.,,,,
7159,,,7159 - AH Imaging Center,,,,
7161,,,7161 - Home Dialysis,,,,
7172,,,7172 - Pulmonary Services,,,,
7173,,,7173 - Pulmonary Physiology Lab,,,,
7174,,,7174 - Sleep Center,,,,
7175,,,7175 - Imaging Administration,,,,
7176,,,7176-Pulmonary Rehab,,,,
7178,,,7178 - PACS,,,,
7179,,,7179-WS Occupational Health - East York,,,,
7180,,,7180-WS Occupational Health-GB,,,,
7181,,,7181-WS Occupational Health-Hanover,,,,
7200,,,7200 - Acute Pain Management,,,,
7210,,,7210 - Point of Care,,,,
7212,,,7212 - Molecular Diagnostic Lab,,,,
7227,,,7227-Emergency Department Admin,,,,
7228,,,7228 - SAFE (Sexual Abuse Forensics),,,,
7230,Emergency Department,ED,7230 - Emergency Department,,,,
7231,,,7231 - Outpatient Transfusion,,,,
7233,,,7233 - Prehospital Service (formerly Medics Units),,,,
7234,,,7234 - Radiography Program,,,,
7350,,,7350 - Allied Health Education,,,,
7380,,,7380 - School of Respiratory Care,,,,
7400,,,7400 - Non-Invasive Cardiology (AH 199),,,,
7415,,,7415 - Patient Safety,,,,
7511,,,7511 - Blood Resources,,,,
7512,,,7512 - CPAL (PR Only),,,,
7513,,,7513 - Crisis Intervention,,,,
7530,,,7530 - Research,,,,
7540,,,7540 - Community Health Improvement,,,,
7545,,,7545 - HealthConnect,,,,
7550,,,7550 - Medical Affairs,,,,
7555,,,7555 - BHS Administration,,,,
7556,,,7556 - Neurosciences Admin,,,,
7560,,,7560 - Audiovisual Services,,,,
7600,,,7600 - House Staff,,,,
7610,,,7610 - Simulation Lab,,,,
7660,,,7660 - Quality Management,,,,
7680,,,7680 - Medical Records,,,,
7684,,,7684 - Cardiovascular Admin,,,,
7685,,,7685 - (use 7034)CDL Support Services,,,,
7687,,,7687-Perfusion,,,,
7690,,,7690 - Library,,,,
7700,,,7700 - Trauma Services,,,,
7790,,,7790 - Children's Growth & Develop Ctr.,,,,
8210,,,8210 - Food Services,,,,
8214,,,8214 - Emp Recreational Activities,,,,
8300,,,8300 - Plant Engineering,,,,
8335,,,8335-Mobile Patient Care Equipment,,,,
8340,,,8340 - Maintenance,,,,
8350,,,8350 - Bio-Med Imaging Support,,,,
8420,,,8420 - Security,,,,
8430,,,8430 - Safety,,,,
8500,,,8500 - Housekeeping,,,,
8510,,,8510 - Housekeeping Off-Site Services,,,,
8600,,,8600 - Linen (formerly Laundry Services),,,,
8700,,,8700 - Patient Transport Services,,,,
8860,,,8860 - Corner Cafe,,,,
9025,,,9025 - Financial Control Accounts,,,,
9115,,,9115 - Community Health Initiatives,,,,
9120,,,9120 - Reception Services,,,,
9250,,,9250 - Emergency Registration,,,,
9315,,,9315-Quest Behavorial Hlth(PR Only),,,,
9340,,,9340-Clinical Informatics Educ (Project One) Co=200,,,,
9400,,,9400-Supply Services YH,,,,
9500,,,9500 - Administration,,,,
9508,,,9508 - Wellspan Federal Credit Union,,,,
9540,,,9540 - Volunteer Services,,,,
9542,,,9542 - YH Gift Shop,,,,
9555,,,9555 - Imaging @ Edgar Square Ready Care,,,,
9560,,,9560 - N3A Nursing Unit,,,,
9565,,,9565 - Residency Expenses,,,,
9651,,,9651 - PeriOperative Supply Services (formerly Materials Management (OR Support),,,,
9700,,,9700 - Spiritual Care and Education,,,,
9705,,,9705 - Nursing Excellence & Innovation (formerly Patient Education),,,,
15013,,,15013 - Registration & Sched - Hanover,,,,
15014,,,15014-Access Education (WSH),,,,
15015,,,15015-CEO Team,,,,
15100,,,15100 - Oncology Research,,,,
15101,,,15101 -  Ortho Research,,,,
15103,,,15103 - W&C Research,,,,
15105,,,15105 - ED Research,,,,
15106,,,15106 - Heart Vascular Research,,,,
15107,,,15107 -  Pulmonary Research,,,,
15108,,,15108 -  Neurosciences Research,,,,
15130,,,15130-WellSpan Innovations,,,,
15150,,,15150-Facility Services,,,,
15525,,,15525-Safety & Emergency Mgmt,,,,
15546,,,15546 - Clincal Informatics Educ (Project One) Co=100,,,,
15547,,,15547 - Informatics Liaison,,,,
15548,,,15548 - Project One,,,,
15549,,,15549 - Project Mgmt Office,,,,
15550,,,15550 - Access & Rev Cycle Applications,,,,
15552,,,15552 - Ambulatory Applications,,,,
15553,,,15553-Applications Development,,,,
15554,,,15554 - Inpatient Applications,,,,
15556,,,15556 - Project One - Philhaven,,,,
15557,,,15557 - SH Project One Summit,,,,
15558,,,15558 - Quality & Regional Quality,,,,
15559,,,15559 - Project One-Philhaven Amb.,,,,
15560,,,"15560 - Healthy Lebanon Coalition	",,,,
15561,,,15561-Quality P4V Programs,,,,
15562,,,15562-WSH Medical Staff Services,,,,
15575,,,15575-SC Innovation & Ops Support,,,,
15618,,,15618-Case Mgmt Operations-Utilizati,,,,
15619,,,15619 - Case Mgmt Operatons-Lanc/Leb,,,,
15621,,,15621 - Special Bed Lease Program,,,,
15622,,,15622-Case Mgmt Operations-Lebanon,,,,
15623,,,15623-Case Mgmt Operations-Adams,,,,
15624,,,15624 - Healthcare Data Analytics,,,,
15625,,,15625-Case Mgmt Operations-WRSH,,,,
15626,,,15626-Vulnerable Population,,,,
15628,,,15628-WellSpan Security,,,,
15630,,,15630-Case Mgmt Operations-CH,,,,
15631,,,15631 - GH Guest Services,,,,
15632,,,15632 - GS Patient Financial Services,,,,
15633,,,15633 - GS Patient Registration Svc,,,,
15634,,,15634 - Plain Community,,,,
15635,,,15635 - NLCMG Billing,,,,
15637,,,15637 - GSPS Billing,,,,
15638,,,15638 - WMG Billing,,,,
15639,,,15639 - ECH Patient Financial Svcs,,,,
15640,,,15640 - Community Wellness East,,,,
15641,,,15641 - WSH Professional Coding Serv.,,,,
15642,,,15642-DDAP - FPSS Grant,,,,
15655,,,15655-Community BH Clinic,,,,
15656,,,15656-Business Development,,,,
15657,,,15657-HRSA Access to Dental Grant,,,,
15658,,,15658-Community Health & Engagement,,,,
15662,,,15662-DOH Centering Expansion,,,,
15665,,,15665 - WSMAT,,,,
15668,,,15668-IP Central Monitoring Servs.,,,,
15680,,,15680 - Behavioral Health Admin,,,,
15681,,,15681 - Heart & Vascular Admin,,,,
15682,,,15682 - Medicine Admin,,,,
15683,,,15683 - Neuro Admin,,,,
15684,,,15684 - Oncology Admin,,,,
15685,,,15685 - Orthopedic Admin,,,,
15686,,,15686 - Surgical Admin,,,,
15687,,,15687 - Women & Children Admin,,,,
15688,,,15688 - Connected Health,,,,
15690,,,15690 - Occupational Medicine - Admin,,,,
15691,,,15691 - WS Rehab Admin,,,,
15692,,,15692-PH Information Services,,,,
15694,,,15694 - SH Summit IT Integration,,,,
15695,,,15695 - Compliance (East),,,,
15751,,,15751-Ancillary/Infrastructure Srvs.,,,,
22430,,,22430-Vulnerable Population,,,,
22432,,,22432 - NTM Surveillance,,,,
22433,,,22433-FLMA ,,,,
22435,,,22435-Pop Health Care Mgmt,,,,
23010,,,23010 - RH Rehab Admin,,,,
23120,,,23120-WSRH Rehab OP Therapy,,,,
23130,,,23130 - RH Rehab Therapy,,,,
23180,,,23180 - RH Rehab Inpatient Nursing,,,,
23190,,,23190 - RH Rehab TBI Inpatient Nursing,,,,
23199,,,23199 - RH Rehab Other Ancillary,,,,
23200,,,23200 - RH Rehab Pharmacy,,,,
23220,,,23220 - RH Rehab Laboratory Services,,,,
23400,,,23400 - RH Rehab Imaging Inside Services,,,,
23410,,,23410 - RH Rehab Imaging Outsider Srvcs,,,,
23600,,,23600 - RH Rehab Respiratory,,,,
23610,,,23610 - RH Rehab Admission,,,,
23710,,,23710 - RH Maintenance,,,,
23730,,,23730 - RH Housekeeping & Laundry,,,,
23740,,,23740 - Supply Services WSSRH (Formerly RH Materials Management),,,,
23750,,,23750 - RH Food Service (incl Dietary),,,,
23755,,,23755 - RH Apple Cart,,,,
23760,,,23760 - RH Medical Records and Coding,,,,
23770,,,23770 - RH Corporate - Administrative,,,,
23775,,,23775 - RH Security,,,,
23779,,,23779-Clinical Informatics Educ (Project One) Co-900,,,,
23780,,,23780-WSRH Case Management,,,,
23782,,,23782-Nursing Affairs-WSRH,,,,
23785,,,23785 - RH Quality,,,,
23790,,,23790 - RH Guest Services,,,,
23795,,,23795 - RH Rehab Admin - WSRH,,,,
24000,,,24000 - RH Surgical PHAS,,,,
24010,,,24010 - RH Surgery Admin,,,,
24120,,,24120 - RH OP Therapy,,,,
24130,,,24130 - RH Surgical Therapy,,,,
24180,,,24180 - RH Surgical Inpatient Nursing,,,,
24200,,,24200 - RH Surgery Pharmacy,,,,
24220,,,24220 - RH Surgery Lab Services,,,,
24300,,,24300 - RH Pre-Op,,,,
24310,,,24310 - RH Operating Room ,,,,
24320,,,24320 - RH Anesthesia,,,,
24330,,,24330 - RH PACU/Stage II,,,,
24350,,,24350 - RH Central Sterile,,,,
24400,,,24400 - RH Surgery Imaging - Inside Srvs.,,,,
24410,,,24410 - RH Surgery Imaging - Outside Srvs.,,,,
24600,,,24600 - RH Surgery Respiratory,,,,
24800,,,24800-Mobile Mammography,,,,
26019,,,26019-INCR 01-60,,,,
26020,,,26020-YH ED COVID,,,,
26032,,,26032-YH 5 East,,,,
26180,,,26180-Ground Transport,,,,
26195,,,26195 - North Hanover Rehab,,,,
26225,,,26225-YH Imaging Registration,,,,
26668,,,26668-IP Central Monitoring Servs.,,,,
26689,,,26689 - HVC Echocardiology,,,,
30019,,,30019-Covid-Other,,,,
30060,,,30060-Covid-Vaccine-York Hospital,,,,
30061,,,30061-COVID Infusion,,,,
30062,,,30062-Covid-Vaccine-WSRH,,,,
30063,,,30063-Covid-Vaccine-Chambersburg,,,,
30066,,,30066-Covid-Infusion Chambersburg,,,,
30068,,,30068-Covid-Vaccine-Gettysburg,,,,
30069,,,30069-Covid-Vaccine-Good Samaritan,,,,
30070,,,30070-Covid-Vaccine-Ephrata Hospital,,,,
30072,,,30072-Covid Testing-York-Queensgate,,,,
30073,,,30073-Covid Vaccine-Rothsville,,,,
30090,,,30090 - COVID Care,,,,
30213,,,30213-Palliative Supt Care-Lebanon,,,,
30217,,,30217-WS Maternal Fetal Med GB&CHMB,,,,
30219,,,30219-Urogynecology-Lanc/Lebanon,,,,
30250,,,30250-Virtual Primary Care,,,,
30288,,,30288-WS Behavior Health-Edgar St.,,,,
30292,,,30292-Cardiology & Vascular-Hanover,,,,
30295,,,30295-Neurology & Pain - Hanover,,,,
30298,,,30298-Radiology-Adams-GH,,,,
30300,,,30300-Clinical Informatics Educ (Project One) Co=300,,,,
30302,,,30302-Diagnostic Support Team,,,,
30305,,,30305-Ctr MindBody Hlth-York-AH,,,,
30322,,,30322-WSIM-Freedom Way,,,,
30325,,,30325-IM-York-5th Avenue,,,,
30335,,,30335-WFM-Spring Grove,,,,
30337,,,30337-FM-York-Queen Street,,,,
30361,,,30361-Adult Neurology West York,,,,
30370,,,30370-WS Neonatology - Lebanon,,,,
30378,,,30378-OB/GYN-York-1693 S Queen St.,,,,
30379,,,30379-WS OB/GYN - Dover,,,,
30390,,,30390-SAMHSA CCBHC,,,,
30391,,,30391-Surgical Spec-York-Freedom Way,,,,
30397,,,30397-RPM Services,,,,
30400,,,30400 - NTM Clinic,,,,
30410,,,30410-Online Urgent Care,,,,
30411,,,30411-Urgent Care-Lancaster-Annville,,,,
30412,,,30412-WS Urgent Care-Lititz,,,,
30413,,,30413-Urgent Care - West York,,,,
30414,,,30414-Urgent Care - North Hanover,,,,
30415,,,30415-Urgent Care-Ephrata,,,,
30418,,,30418-Urgent Care Manchester,,,,
30420,,,30420-Thoracic Surgery,,,,
30425,,,30425-Accountable Care Design,,,,
30429,,,30429-Medication Mgmt Program,,,,
30430,,,30430-WS Med Onc & Hem - Hanover,,,,
30500,,,30500-Vascular Surgery-York,,,,
30501,,,30501-Urogynecology-Franklin/Adams,,,,
30502,,,30502-Cardiology EP-York,,,,
30503,,,30503-Vascular Surgery-Lebanon,,,,
30520,,,30520 - GSPS Administration,,,,
30525,L 720 - WS FM-Lebanon (Live 6/30/18),,30525-WS FM-Lebanon,,,,
30526,,,30526 - West Cornwall FP,,,,
30527,,,30527 - Good Samaritan FP,,,,
30528,,,30528 - ELCO FP,,,,
30529,,,30529 - GS Pediatric Assoc.,,,,
30530,,,30530-Geriatrics-Lebanon,,,,
30531,,,30531-WSIM-Lebanon,,,,
30532,,,30532 - GS Pulmonary Assoc.,,,,
30533,,,30533 - GS Pediatrics - Tuck St.,,,,
30534,,,30534 - Digestive Health Assoc.,,,,
30535,,,30535 - Cardio Thoracic,,,,
30536,,,30536 - Medical Oncology (Physicians) - Lebanon,,,,
30537,,,30537 - General Surgery,,,,
30538,,,Hospitalists,,,,
30539,,,30539 - Family Support,,,,
30540,,,30540-WS Radiation Oncology-Lebanon,,,,
30541,,,30541 - Wound Care Assoc.,,,,
30542,,,30542 - Business Office,,,,
30543,,,30543 - GSH Urology Associates,,,,
30545,,,30545 - WS Cardiology - Lebanon,,,,
30546,,,30546-Lebanon Women's and Children's,,,,
30547,,,30547-Surgery Breast-Leb/Lanc,,,,
30550,,,30550 - Lebanon Ortho. Assoc.,,,,
30555,,,30555-WS Physiatry-Lebanon,,,,
30560,,,30560-WS Neurology-Lebanon,,,,
30580,,,30580-Physiatry-Rehab Lebanon,,,,
30631,,,30631-Neurology-Washington,,,,
30633,,,30633-Physiatry Rehab-Washington,,,,
30640,,,30640-WS Radiation Onclgy-ECH,,,,
30653,,,30653 - WS Rehab Services - WMG,,,,
30654,,,30654-WS Pediatric Surgery-Johns Hopkins,,,,
30656,,,30656-Plastic & Reconstructive Surgery-Johns Hopkins,,,,
30658,,,30658-WellSpan Urology - York,,,,
30662,,,30662 - Ephrata ED Physicians,,,,
30663,,,30663-ECH Quick Care - EDC,,,,
30667,,,30667-ECH Occupational Medicine-Ephrata,,,,
30668,,,30668-ECH Occupational Medicine GSV,,,,
30669,,,30669 - ECH Wound Care/Hyperbaric,,,,
30670,,,30670-WellSpan Hospital at Home,,,,
30675,,,30675-Eye Center-York,,,,
30676,,,30676-Roosevelt Ave Prof. Suite,,,,
30678,,,30678-Anesthesia-York-AHSC,,,,
30801,,,30801-WS FM-Crossroads,,,,
30802,,,30802-WS F&PM-Rothsville,,,,
30803,,,30803-WS FH-Georgetown,,,,
30804,,,30804-WS F&SM-Cocalico,,,,
30805,,,30805-WS FM-Akron,,,,
30806,,,30806-WS FM-Granite Run (formerly Eden),,,,
30807,,,30807-WS FH-Leacock,,,,
30808,,,30808-WS FM-Terre Hill (formerly Conestoga),,,,
30810,,,30810-WS FM-Meadowbrook,,,,
30811,,,30811-WS FM-Trout Run,,,,
30813,,,30813-WS FM-Lake Street,,,,
30815,,,30815-WS IM-Lanc Co.,,,,
30816,,,30816-WS FM 222 Fulton St (formerly Dr. Brabazons),,,,
30817,,,30817-WS FM 207 Fulton St (formerly Dr. Camerino) ,,,,
30830,,,30830-WS Ortho - Ephrata,,,,
30840,,,30840-WS Bariatric Surgery - Lancaster,,,,
30850,,,30850-WS General Surgery (formerly Heritage Surgical and Keyer O'Connor),,,,
30851,,,30851-WS Pulmonary & Sleep Med (formerly Conestoga),,,,
30852,,,30852-WS Cardiology-Lanc Co (formerly Heart Specialists Lancaster Co),,,,
30853,,,30853-WS OB/GYN-Lanc Co.,,,,
30854,,,30854-Ephrata Hospitalist Group,,,,
30855,,,30855-WS Plastic Surgery-Ephrata,,,,
30857,,,30857-ECH Behavioral Health,,,,
30858,,,30858-ECH Medical Oncology and Hematology,,,,
30859,,,30859-WS Infectious Disease - Lancaster,,,,
30860,,,30860-Wellspan Neurology-Ephrata,,,,
30862,,,30862 - MFM Lancaster,,,,
30863,,,30863-Vascular Surgery_Lancaster,,,,
30864,,,30864-WS Physiatry - Rehab Lancaster,,,,
30866,,,30866-WellSpan Spine Care - Ephrata,,,,
30867,,,30867-OB/GYN-Lebanon,,,,
30870,,,30870-ECH Anesthesia,,,,
30875,,,30875-NLCMG Central Administration,,,,
30876,,,30876-HSLC Billing ,,,,
30877,,,30877-Physician Support Services,,,,
30880,,,30880-Pathology-Lancaster-ECH,,,,
30881,,,30881-WS Radiology-Lancaster,,,,
30885,,,"30885-Occ Health-Lebanon	",,,,
30887,,,30887-Occ Health-York-Onsite,,,,
30891,,,30891-Occ Health-York-Manchester,,,,
30900,,,30900-WHSC Professional,,,,
30901,,,30901-Prof Suite Heart&Vasc Ctr-York,,,,
30910,,,30910-WSPH Child/Adol,,,,
30911,,,30911 - WSPH Adult,,,,
30912,,,30912-WSPH Extended Acute,,,,
30914,,,30914-WSPH Mt Gretna OP,,,,
30915,,,30915-WSPH Plain Comm OP,,,,
30916,,,30916-WSPH Ephrata,,,,
30918,,,30918-WSPH Lebanon OP,,,,
30919,,,30919-WSPH Nursing Homes,,,,
30922,,,30922-Prince St Adult Day,,,,
30923,,,30923-WSPH Lanc C/A Day,,,,
30925,,,30925-WSPH Lanc ACT,,,,
30926,,,30926-WSPH Med Director,,,,
30930,,,30930-WSPH Lancaster OP,,,,
30933,,,30933-York Child/Adolescent Day (PH 6035) (formerly 69345),,,,
30944,,,30944-WellSpan Urology - Ephrata,,,,
31700,,,31700 - SH Admin Summit Health,,,,
31707,,,31707 - SH Innovation Program Summit Health,,,,
31780,,,31780 - SH Development Summit Health,,,,
32002,,,32002-WH OP-Physical Therapy,,,,
32006,,,32006 - SH Waynesboro Hospital Wound Care therapy Waynesboro Hospital,,,,
32008,,,32008 - SH Safety Waynesboro Hospital,,,,
32100,,,32100 - SH Patient Services Waynesboro Hospital,,,,
32101,,,32101 -  SH Clinical/Patient Inform Services Waynesboro Hospital ,,,,
32115,,,32115-WH-3RD M/S,,,,
32121,,,32121 - SH Trancentral Waynesboro Hospital,,,,
32125,,,32125 - SH Infusion Services Waynesboro Hospital,,,,
32126,,,32126 - SH Dialysis Waynesboro Hospital,,,,
32150,,,32150 - SH Critical Care Waynesboro Hospital,,,,
32180,,,32180 - SH Surgical Services Waynesboro Hospital,,,,
32183,,,32183 - SH Pre Admission Testing Waynesboro Hospital,,,,
32184,,,32184 - SH PACU Waynesboro Hospital,,,,
32186,,,32186 - SH Same Day Surgery Waynesboro Hospital,,,,
32187,,,32187 - SH Endoscopy Waynesboro Hospital,,,,
32189,,,32189 - SH Sterile Processing and Supply Waynesboro Hospital,,,,
32190,,,32190 - SH Anesthesia Waynesboro Hospital,,,,
32200,,,32200 - SH Family Birthing Services Waynesboro Hospital,,,,
32205,,,32205 - SH Childbirth Education Waynesboro Hospital,,,,
32260,,,32260 - SH Emergency Department Waynesboro Hospital,,,,
32264,,,32264 -  SH Greencastle Medic 2,,,,
32265,,,32265 - SH ALS Transport Waynesboro Hospital,,,,
32270,,,32270 - SH Medical Oncology Waynesboro Hospital,,,,
32275,,,32275 - SH Radiation Oncology Waynesboro Hospital,,,,
32400,,,32400 - SH Quality Assessment Waynesboro Hospital,,,,
32402,,,32402 - SH Epidemiology & Infect Preven Waynesboro Hospital,,,,
32407,,,32407 - SH Ultilzation Review Prof Fees Waynesboro Hospital,,,,
32410,,,32410 -  SH Discharge Services Waynesboro Hospital,,,,
32415,,,32415 -  SH Provider Resources Waynesboro Hospital,,,,
32500,,,32500 -  SH Lab Admin Waynesboro Hospital,,,,
32503,,,32503 - SH Microbiology Waynesboro Hospital,,,,
32506,,,32506 - SH Cytology Waynesboro Hospital,,,,
32507,,,32507 - SH Blood Bank Waynesboro Hospital,,,,
32508,,,32508 - SH Chemistry/Hemo/Immun Waynesboro Hospital,,,,
32509,,,32509 - SH Phlebotomy Waynesboro Hospital,,,,
32515,,,32515 -  SH Histology Waynesboro Hospital,,,,
32520,,,32520 -  SH Sleep Lab Waynesboro Hospital,,,,
32530,,,32530 - SH XRAY Waynesboro Hospital,,,,
32534,,,32534 - SH Nuclear Medicine Waynesboro Hospital,,,,
32535,,,32535 -  SH Ultrasound Waynesboro Hospital,,,,
32536,,,32536 - SH CT Waynesboro Hospital,,,,
32537,,,32537 - SH MRI Waynesboro Hospital,,,,
32540,,,32540 - SH Respiratory Therpy Waynesboro Hospital,,,,
32550,,,32550 - SH Physical Therapy Waynesboro Hospital,,,,
32552,,,32552 - SH Occupational Therapy Waynesboro Hospital,,,,
32553,,,32553 - SH Speech Pathology Waynesboro Hospital,,,,
32559,,,32559 - SH Therapy Wound Care Waynesboro Hospital,,,,
32560,,,32560 - SH Cardiovascular Svcs Waynesboro Hospital,,,,
32570,,,32570 - SH Pharmacy Waynesboro Hospital,,,,
32573,,,32573 - SH Pharmacy Residency Program,,,,
32617,,,32617-WH GMOB Mammo,,,,
32618,,,32618-WH GMOB Lab,,,,
32664,,,32664 - SH Health Improvement Ctr- Admin Waynesboro Hospital,,,,
32700,,,32700 - SH Admin Waynesboro Hospital,,,,
32705,,,32705 - SH Managed Care Waynesboro Hospital,,,,
32707,,,32707 - SH Innovation Program,,,,
32708,,,32708 - SH Lean Program Waynesboro Hospital,,,,
32710,,,32710 -  SH HR Staff Education Waynesboro Hospital,,,,
32713,,,32713 -  SH Patient Education Wyanesboro Hospital,,,,
32720,,,32720 - SH HR Waynesboro Hospital,,,,
32730,,,32730 - SH Finance Waynesboro Hospital,,,,
32732,,,32732 - SH Acctg/Payroll Waynesboro Hospital,,,,
32734,,,32734 -  SH Patient Acttg Waynesboro Hospital,,,,
32736,,,32736 - SH Registration Waynesbro Hospital,,,,
32738,,,32738 - SH Patient Access Waynesboro Hospital,,,,
32740,,,32740 - SH Chaplain Waynesboro Hospital,,,,
32750,,,32750 - SH Material Mgmt Admin Waynesboro Hospital,,,,
32751,,,32751 - SH Supply Distribution,,,,
32760,,,32760 - SH Health Information Svcs -(HIM) Waynesboro Hospital,,,,
32761,,,32761 - SH Care Connection Waynesboro Hospital,,,,
32762,,,32762 - SH Information Systems Waynesboro Hospital,,,,
32765,,,32765 -  SH Clinical Documentation Improve Waynesboro Hospital,,,,
32770,,,32770 - SH Public Relations Waynesboro Hospital,,,,
32775,,,32775 - SH Volunteer Svcs Waynesboro Hospital,,,,
32790,,,32790 - SH Community Relations Waynesboro Hospital,,,,
32792,,,32792 - SH Employer Svcs Waynesboro Hospital,,,,
32795,,,32795 -  SH Community Health Waynesboro Hospital,,,,
32805,,,32805 - SH Security Waynesboro Hospital,,,,
32810,,,32810 - SH Plant Operations Waynesboro Hospital,,,,
32811,,,32811 - SH MEdical Office Building Waynesboro Hospital,,,,
32820,,,32820 - SH Environmental Svcs Waynesboro Hospital,,,,
32825,,,32825 - SH Safety Waynesboro Hospital ,,,,
32830,,,32830 - SH Laundry and Linen Waynesboro Hospital,,,,
32840,,,32840 - SH Food and Nutrition Waynesboro Hospital,,,,
32957,,,32957-Mont Alto Draw Station,,,,
33100,,,33100 - SH Patient Services Chambersburg Hospital,,,,
33103,,,33103-IMCU,,,,
33108,,,33108 - SH Telemetry Monitoring Chambersburg Hospital,,,,
33109,,,33109 - SH Four East Chambersburg Hospital,,,,
33110,,,33110 - SH KS Two East Chambersburg Hospital,,,,
33113,,,33113 - SH KS Three East Chambersburg Hospital,,,,
33114,,,33114 -  SH KS Three West Chambersburg Hospital,,,,
33116,,,33116 - SH KS One East Chambersburg Hospital,,,,
33121,,,33121 - SH Transcentral Chambersburg Hospital,,,,
33123,,,33123-Covid-Other,,,,
33125,,,33125 - SH Infusion Services Chambersburg Hospital,,,,
33126,,,33126 - SH Dialysis Chambersburg Hospital,,,,
33142,,,33142 - SH PCU Chambersburg Hospital,,,,
33150,,,33150 - SH Critical Care Chambersburg Hospital,,,,
33155,,,33155 - SH Cardiac Rehab Chambersburg Hospital,,,,
33156,,,33156 - SH IP Cardiac Rehab Chambersburg Hospital,,,,
33160,,,33160 - SH Cath Lab Chambersburg Hospital,,,,
33162,,,33162 - SH Cardiac Research Chambersburg Hospital,,,,
33163,,,33163- SH Cardiac Device Clinic Chambersburg Hospital,,,,
33165,,,33165 - SH CHF Clinic Chambersburg Hospital,,,,
33180,,,33180 - SH Surgical Services Chambersburg Hospital,,,,
33182,,,33182 - SH Lithotripsy Chambersburg Hospital,,,,
33183,,,33183 -  SH Pre Admission Testing Chambersburg Hospital,,,,
33184,,,33184 - SH PACU Chambersburg Hospital,,,,
33186,,,33186 - SH Same Day Surgery Chambersburg Hospital,,,,
33187,,,33187- SH Endoscopy Chambersburg Hospital,,,,
33189,,,33189 - SH Sterile Processing & Supply Chambersburg Hospital,,,,
33190,,,33190 -  SH Anesthesia Chambersburg Hospital,,,,
33200,,,33200 -  SH Family Birthing Services Chambersburg Hospital,,,,
33203,,,33203 - SH NICU/Nursery Chambersburg Hospital,,,,
33220,,,33220 - SH Rehab Chambersburg Hospital,,,,
33230,,,33230 - SH Behavioral Health Svcs Chambersburg Hospital,,,,
33240,,,33240-BHS-OP,,,,
33241,,,33241-BHS - OP Phys Fees,,,,
33260,,,33260 - SH Emergency Dept Chambersburg Hospital,,,,
33263,,,33263 - SH ED Residency Program Chambersburg Hospital,,,,
33275,,,33275 - SH Radiation Oncology Chambersburg Hospital,,,,
33400,,,33400 - SH Quality Management Chambersburg Hospital,,,,
33402,,,33402 - SH Epidemiology & Infect Prevent Chambersburg Hospital,,,,
33406,,,33406 - SH Ulitization Review Chambersburg Hospital,,,,
33410,,,33410 - SH Discharge Services Chambersburg Hospital,,,,
33415,,,33415 -  SH Provider Resources Chambersburg Hospital,,,,
33416,,,33416 - SH CME Chambersburg Hospital,,,,
33426,,,33426 - SH Physician Rcruitment Chambersburg Hospital,,,,
33500,,,33500 - SH Lab Admin Chambersburg Hospital,,,,
33502,,,33502 - SH Path Eve/Night Chambersburg Hospital,,,,
33503,,,33503 - SH Microbiology Chambersburg Hospital,,,,
33504,,,33504 - SH Park 5th Ave Chambersburg Hospital,,,,
33505,,,33505 - SH Outreach Chambersburg Hospital,,,,
33506,,,33506 - SH Cytology Chambersburg Hospital,,,,
33507,,,33507 - SH Blood Bank Chambersburg Hospital,,,,
33508,,,33508 - SH Chemistry/Hemo/Immun CH (expense issues),,,,
33509,,,33509 - SH Phlebotomy Chambersburg Hospital,,,,
33510,,,33510 -  SH EEG Chambersburg Hospital,,,,
33512,,,33512 - SH Lab Reference Tests Chambersburg Hospital,,,,
33513,,,33513 - SH Lab Processing Chambersburg Hospital,,,,
33515,,,33515 - SH Histology Chambersburg Hospital,,,,
33516,,,33516 - SH Blood Products Chambersburg Hospital,,,,
33517,,,33517 - SH Mercersburg Lab Chambersburg Hospital,,,,
33520,,,33520 - SH Sleep Lab Chambersburg Hospital,,,,
33529,,,33529 - SH Interventional Radiology Chambersburg Hospital,,,,
33530,,,33530 - SH XRAY Chambersburg Hospital,,,,
33534,,,33534 - SH Nuclear Medicine Chambersburg Hospital,,,,
33535,,,33535 - SH Ultrasound Chambersburg Hospital,,,,
33536,,,33536 - SH CT Chambersburg Hospital,,,,
33537,,,33537 -  SH MRI Chambersburg Hospital,,,,
33538,,,33538 - SH PET Chambersburg Hospital,,,,
33540,,,33540 - SH Resp Therapy Chambersburg Hospital,,,,
33550,,,33550 - SH IP-Physical Therapy Chambersburg Hospital,,,,
33551,,,33551 - SH Vestibular Clinic Chambersburg Hospital,,,,
33552,,,33552 - SH IP-Occupational Therapy Chambersburg Hospital,,,,
33553,,,33553 - SH IP-Speech Therapy Chambersburg Hospital,,,,
33557,,,33557-OP - Physical Therapy,,,,
33559,,,33559 - SH Therapy - Wound Care Chambersburg Hospital,,,,
33560,,,33560 - SH Cardiovascular Svcs Chambersburg Hospital,,,,
33564,,,33564 - SH Hyperbaric Oxygen Chambersburg Hospital,,,,
33570,,,33570 - SH Pharmacy Chamberburg Hospital,,,,
33580,,,33580-Summit Cardio Test Cardiovasc,,,,
33599,,,33599 - SH SHS - Occupational Therapy Chamberburg Hospital,,,,
33600,,,33600 - SH SHS - Admin Chamberburg Hospital,,,,
33601,,,33601 - SH SHS - Speech Therapy Chamberburg Hospital,,,,
33602,,,33602 -  SH SHS Physical Therapy,,,,
33603,,,33603 - SH SHS Lab Chambersburg Hospital,,,,
33604,,,33604 - SH SHS Xray/ Mammo Chambersburg Hospital,,,,
33605,,,33605 - SH SHS Sleep Lab Chambersburg Hospital,,,,
33606,,,33606 - SH SHS Ultraound Chambersburg Hospital,,,,
33607,,,33607 - SH SHS CT Chambersburg Hospital,,,,
33608,,,33608 - SH SHS MRI Chambersburg Hospital,,,,
33609,,,33609 - SH Progress Professional Center ,,,,
33610,,,33610 - SH GHS Occupational Therapy ,,,,
33611,,,33611 - SH GHS Admin Chambersburg Hospital,,,,
33612,,,33612 -  SH GHS Physical Therapy Chambersburg Hospital,,,,
33613,,,33613 -  SH GHS Lab Chambersburg Hospital,,,,
33614,,,33614 - SH GHS Xray/Mammo Chambersburg Hospital,,,,
33615,,,33615 - SH GHS Sleep Lab Chambersburg Hospital,,,,
33616,,,33616 - SH GHS Ultrasound Chambersburg Hospital,,,,
33630,,,33630 -  SH Results - Physical Therapy Chambersburg Hospital ,,,,
33632,,,33632 - SH Results - Occupational Therapy Chambersburg Hospital,,,,
33637,,,33637 - SH - SUMM Ctr Registration Chambersburg Hospital,,,,
33640,,,33640 -  SH SUMM Ctr Lab Chambersburg Hospital,,,,
33655,,,33655 - SH SUMM Ctr Diagnostic XRAY Chambersburg Hospital,,,,
33656,,,33656 - SH SUMM Ctr Ultrasound Chambersburg Hospital,,,,
33657,,,33657 - SH SUMM Ctr CT Chambersburg Hospital,,,,
33664,,,33664 - SH Health Improvement  Ctr Admin Chambersburg Hospital,,,,
33669,,,33669-RBS Women's Center-ADMIN,,,,
33670,,,33670 - SH Women's Health Ctr Chambersburg Hospital,,,,
33700,,,33700 - SH Admin Chambersburg Hospital,,,,
33705,,,33705 - SH Managed Care Chambersburg Hospital,,,,
33707,,,33707 - SH Innovation Program Chambersburg Hospital,,,,
33708,,,33708 - SH Lean Program Chambersburg Hospital,,,,
33710,,,33710 - SH Education Chambersburg Hospital,,,,
33720,,,33720 - SH HR Chambersburg Hospital,,,,
33730,,,33730 - SH Finance Chambersburg Hospital ,,,,
33731,,,33731 - SH Audit Services Chambersburg Hospital,,,,
33732,,,33732 - SH Acctg/Payroll Chambersburg Hospital,,,,
33734,,,33734 - SH Patient Acctg Chambersburg Hospital,,,,
33736,,,33736 - SH Registration Chambersburg Hospital,,,,
33737,,,33737 - SH Registration ER Chambersburg Hospital,,,,
33738,,,33738 - SH Patient Access Chambersburg Hospital,,,,
33740,,,33740 - SH Chaplain Chambersburg Hospital,,,,
33750,,,33750 - SH Material Mgmt Admin Chambersburg Hospital,,,,
33751,,,33751 - SH Supply Distribution Chambersburg Hospital,,,,
33754,,,33754 - SH Purchasing Chambersburg Hospital,,,,
33755,,,33755 - SH Warehouse Chambersburg Hospital,,,,
33760,,,33760 - SH HIM Chambersburg Hospital,,,,
33761,,,33761 - SH Care Connection Chambersburg Hospital,,,,
33762,,,33762 - SH Information Systems Chambersburg Hospital,,,,
33765,,,33765 - SH Clinical Documentation Improv Chambersburg Hospital,,,,
33770,,,33770 - SH Marketing & Public Relations Chambersburg Hospital ,,,,
33775,,,33775 - SH Volunteer Svcs Chambersburg Hospital,,,,
33777,,,33777 -  SH Mail Center Chambersburg Hospital,,,,
33780,,,33780 - SH Development Chambersburg Hospital,,,,
33791,,,33791 - SH Marketing Chambersburg Hospital,,,,
33796,,,33796 - SH Healthy Community Partnership Chambersburg Hospital,,,,
33805,,,33805 - SH Security Chambersburg Hospital,,,,
33810,,,33810 - SH Plant Operations Chambersburg Hospital,,,,
33815,,,33815 -  SH Clinical Equipment Chambersburg Hospital,,,,
33820,,,33820-Environmental Svcs,,,,
33830,,,33830 - SH Laundry Linen Chambersburg Hospital,,,,
33840,,,33840 - SH Food & Nutrition Chambersburg Hospital,,,,
34270,,,34270 - Medical Oncology & Hematology,,,,
34275,,,34275 - SH Radiation Oncology Chambersburg Health Services,,,,
34631,,,34631 - SH Results Fitness Chambersburg Health Services,,,,
34700,,,34700 - SH Admin Chambersburg Health Services,,,,
34770,,,34770 - SH Public Relations Chambersburg Health Services,,,,
34793,,,34793 - SH Norland Urgent Care Chambersburg Health Services,,,,
34794,,,34794 - SH Greencastle Urgent Care Chambersburg Health Services,,,,
34797,,,34797 - SH Mercersburg Health Center Chambersburg Health Services,,,,
35213,,,35213-Hospitalisits Phys,,,,
35241,,,35241-Behavioral Health Services,,,,
35321,,,35321-Internal Med Level 3 Phys,,,,
35371,,,35371-Occupational Health Phys,,,,
35400,,,35400-Quality Mgmt,,,,
35415,,,35415 - SH Provider Resources (SPS),,,,
35470,,,35470 - SH Orthopaedics (SPS),,,,
35480,,,35480-Surgical Specialists,,,,
35485,,,35485-Breast Care,,,,
35700,,,35700 - SH Admin (SPS) ,,,,
35707,,,35707 - SH Innovation Program (SPS),,,,
35708,,,35708 - SH Lean Program (SPS),,,,
35710,,,35710 - SH Education (SPS),,,,
35713,,,35713 - SH Endocrinology (SPS),,,,
35720,,,35720 - SH HR (SPS),,,,
35731,,,35731 - SH Audit Services (SPS),,,,
35732,,,35732 - SH Acctg/Payroll (SPS) ,,,,
35734,,,35734 - SH Patient Acctg (SPS),,,,
35750,,,35750 - SH Materials Mgmt Admin (SPS),,,,
35760,,,35760 - SH Health Information Fvcs - HIM (SPS),,,,
35762,,,35762 - SH Information Services (SPS),,,,
35770,,,35770 -  SH Marketing & Public Relations (SPS),,,,
35795,,,35795 - SH Community Health (SPS),,,,
35807,,,35807-Family Med Level 1,,,,
35810,,,35810 - SH Plant Operations (SPS),,,,
35812,,,35812 - SH Summit Podiatry (SPS),,,,
35813,,,35813 - SH Hospitalists (SPS) ,,,,
35816,,,35816 - Nephrology,,,,
35817,,,35817 - SH Palliative Care Services (SPS) ,,,,
35818,,,35818 - SH Neurohospitalists (SPS),,,,
35819,,,35819-FM- Franklin- Philadelphia Ave,,,,
35826,,,35826-OB/GYN CH,,,,
35828,,,35828 - CH Anesthesiology,,,,
35829,,,35829 - SH Pain Mgmt,,,,
35832,,,35832-Neurosurgery,,,,
35834,,,35834-Family Med Mont Alto(expense issues),,,,
35838,,,35838-Family Med Suite 203,,,,
35844,,,35844-Cardio Interventional-Franklin,,,,
35845,,,35845-Medical Weight Mgmt,,,,
35846,,,35846-Urology Group,,,,
35847,,,35847-Pulmonology,,,,
35848,,,35848-Internal Med Menno Haven(expense issues),,,,
35849,,,35849-Urgent Care Shippensburg,,,,
35853,,,35853-Plastics & Skin Care-Franklin,,,,
35856,,,35856-Family Med Shippensburg,,,,
35857,,,35857-Internal Med Level 3,,,,
35858,,,35858-FM- Franklin- Greencastle,,,,
35860,,,35860-Family Med Suite 101,,,,
35862,,,35862-Family Med Mercersburg,,,,
35863,,,35863-ENT & Hearing Services,,,,
35864,,,35864 - SH Gastroenterology (SPS),,,,
35869,,,35869 -  SH Cardiology (SPS),,,,
35870,,,35870 - SH Occupational Health (SPS),,,,
35871,,,35871 - SH Women's Group - WH (SPS),,,,
35880,,,35880-WellSpan Radiology,,,,
35881,,,35881-Convenient Care,,,,
36088,,,36088-Himelfarb Surgery Center,,,,
36188,,,36188 - SH Summit Surgery Center(use 36088),,,,
43514,,,43514-WS Pharmacy-Good Sam,,,,
50301,,,50301-WHSC OR,,,,
50303,,,50303-WHSC PACU,,,,
50305,,,50305-WHSC Central Sterile,,,,
50306,,,50306-Gettysburg Hospital Surge,,,,
50307,,,50307-WHSC Anesthesia,,,,
50309,,,50309-WHSC Lab (Phlebotomy),,,,
50311,,,50311-WHSC Imaging,,,,
50422,,,50422-Hanover O/P Infusion,,,,
50503,,,50503-Education,,,,
50505,,,50505-GH Transport Team,,,,
50507,,,50507-Wound Care,,,,
50900,,,50900-WHSC Buidling (misc loc),,,,
60017,,,60017-Reamstown Ambulance,,,,
60018,,,60018-Reinholds Ambulance,,,,
60021,,,60021-Brickerville Ambulance,,,,
60026,,,60026-Northwest EMS,,,,
60038,,,60038-Leola Ambulance,,,,
60039,,,60039-New Holland Ambulance,,,,
60100,,,60100-Contr Allow,,,,
60210,,,60210-Rothsville Ambulance,,,,
60213,,,60213-Manheim Twp Ambulance,,,,
60301,,,60301 - Nursing Support Team,,,,
60302,,,60302 -Pediatrics,,,,
60303,,,60303 - Nursery,,,,
60304,,,60304 - Family Maternity Unit (FMU),,,,
60305,,,60305 - Intensive Care Unit,,,,
60306,,,60306 - Behavioral Health Services,,,,
60307,,,60307 - Short Stay Unit,,,,
60308,,,60308 - Intermediate Care Unit,,,,
60309,,,60309 - Med/Surg Nursing Unit,,,,
60310,,,60310 -Emergency Dept & E-Care,,,,
60311,,,60311-Surgical Nursing,,,,
60312,,,60312-Observation Unit,,,,
60314,,,60314-MOB--Healthy Beginnings,,,,
60319,,,60319-Palliative Care,,,,
60320,,,60320-ALSU,,,,
60327,,,60327-ECH Hospitalists,,,,
60330,,,60330-Ambulance Transport,,,,
60331,,,60331-Ambulance (Other),,,,
60335,,,60335-Medical Oncology,,,,
60336,,,60336-Oncology Program Services,,,,
60337,,,60337-Radiation Oncology,,,,
60340,,,60340 - Operating Room - ECH,,,,
60350,,,60350-Post Anesthesia Care Unit,,,,
60358,,,"60358-Prehospital Assessment Service	",,,,
60360,,,60360 - Delivery Room,,,,
60361,,,60361 - NICU,,,,
60370,,,60370-Anesthesia,,,,
60372,,,60372-Pain Mgmt Center Ephrata,,,,
60376,,,60376-OP Diag Ctr Radiology,,,,
60377,,,60377-OP Diag Ctr US,,,,
60378,,,60378-OP Diag Ctr CT,,,,
60379,,,60379-OP Diag Ctr MRI,,,,
60381,,,60381-Radiology,,,,
60382,,,60382-ECH Interventional Radiology,,,,
60383,,,60383-Bart Twp Imaging,,,,
60384,,,60384-Granite Run Imaging,,,,
60385,,,60385-Ultrasound,,,,
60386,,,60386-Meadowbrook Imaging,,,,
60387,,,60387-Cornerstone Imaging,,,,
60389,,,60389-Garden Spot Imaging,,,,
60391,,,60391-Nuclear Medicine,,,,
60393,,,60393-PET Imaging,,,,
60395,,,60395-Computed Tomography,,,,
60396,,,60396-MRI,,,,
60398,,,60398-Cocalico Imaging,,,,
60399,,,60399-Crossroads Imaging,,,,
60401,,,60401-Lab-Hematology (has expense issues),,,,
60402,,,60402-Lab-Chemistry,,,,
60403,,,60403-Lab-Pathology,,,,
60404,,,60404-Lab-Bacteriology,,,,
60405,,,60405-Lab-Urinalysis,,,,
60406,,,60406-EML-GSV Center for Health,,,,
60407,,,60407-EML-Adamstown,,,,
60408,,,60408-EML-Ephrata,,,,
60409,,,60409-Lab Courier Service,,,,
60411,,,60411-Blood Bank,,,,
60413,,,60413-EML-Rothsville,,,,
60414,,,60414-EML-Crossroads,,,,
60415,,,60415-EML-Meadowbrook,,,,
60416,,,60416-EML-Cornerstone,,,,
60417,,,60417-EML-Bart Twp,,,,
60418,,,60418-EML-Granite Run,,,,
60422,,,60422-Phlebotomy I/P,,,,
60423,,,60423-Phlebotomy O/P(expense issues),,,,
60430,,,60430-Respiratory Care,,,,
60432,,,60432-Pulmonary Rehab,,,,
60433,,,60433-Sleep Cts-Cocalico & Eden,,,,
60440,,,60440-Physical Therapy,,,,
60441,,,60441-EMG,,,,
60445,,,60445-Physical Therapy-Acute Rehab,,,,
60449,,,60449 - 3rd floor-Acute Rehab Unit,,,,
60450,,,60450-OT-ECH,,,,
60451,,,60451-OT-Brossman,,,,
60452,,,60452-OT-Cocalico,,,,
60453,,,60453-OT-Crossroads,,,,
60455,,,60455-OT Acute Rehab,,,,
60457,,,60457-OT-GSV Center,,,,
60459,,,60459-Rehab Administration,,,,
60460,,,60460-ST-ECH,,,,
60461,,,60461-ST-Brossman Ctr,,,,
60462,,,60462-ST-Cocalico Ctr,,,,
60463,,,60463-ST-Crossroads Ctr,,,,
60465,,,60465-ST-Acute Rehab,,,,
60467,,,60467-ST-GSV Center,,,,
60470,,,60470-Cardiology,,,,
60472,,,60472-The Center for Heart Care,,,,
60474,,,60474-Cardio Vascular Lab,,,,
60475,,,60475-Cardiac Rehab,,,,
60476,,,60476-Cardiology Testing-GSV,,,,
60478,,,60478-Stroke Center,,,,
60480,,,60480-EEG,,,,
60490,,,60490-Central Supply,,,,
60491,,,60491-Central Sterilization & Process,,,,
60500,,,60500-Pharmacy,,,,
60501,,,60501-Pharmacy-Cancer Center,,,,
60510,,,60510-Emergency Dept-Physicians,,,,
60526,,,60526-Health Pav Shared Offices,,,,
60530,,,60530-Property Management,,,,
60533,,,60533-Rothsville Medical Ctr Bldg,,,,
60535,,,60535-Ephrata Diagnostic Ctr Bldg,,,,
60536,,,60536-Comm Med & Diag Ctr Bldg,,,,
60537,,,60537-Crossroads Surgery Ctr Bldg,,,,
60571,,,60571-Women's Center - General,,,,
60572,,,60572-Women's Center-Imaging,,,,
60578,,,60578-Urgent Care-EDC,,,,
60579,,,60579-Quick Care-GSV,,,,
60580,,,60580-Occupational Medicine - Ephrata,,,,
60581,,,60581-Occupational Medicine-GSV,,,,
60902,,,60902-Human Resources,,,,
60903,,,60903-Materials Management,,,,
60904,,,60904-Engineering,,,,
60906,,,60906-Laundry,,,,
60908,,,60908-Housekeeping,,,,
60909,,,60909-Food & Nutrition Svcs.,,,,
60911,,,60911-Nursing Administration,,,,
60912,,,60912-Professional Development,,,,
60913,,,60913-Health Information Services,,,,
60915,,,60915-Community Health Initiatives,,,,
60916,,,60916-Medical Staff Svcs,,,,
60917,,,60917-Infection Control,,,,
60918,,,60918-Staff Development,,,,
60921,,,60921-Depreciation,,,,
60930,,,60930-Health & Welfare,,,,
60931,,,60931-Tuition Reimbursement,,,,
60933,,,60933-Wound Care/Hyperbaric,,,,
60935,,,60935-Contingency,,,,
60936,,,60936-Non Operating Revenue,,,,
60937,,,60937-Other Operating Revenue,,,,
60939,,,60939-Quality/Compliance,,,,
60941,,,60941-Administration,,,,
60942,,,60942-Accounting/Finance,,,,
60943,,,60943-Revenue Cycle Management,,,,
60944,,,60944-Patient Billing/Payment Svcs,,,,
60945,,,60945-Patient Registration,,,,
60946,,,60946-Information Services,,,,
60947,,,60947-Chaplaincy,,,,
60948,,,60948-Care Management,,,,
60949,,,60949-Patient Safety/Legal,,,,
60950,,,60950-Communications,,,,
60951,,,60951-Community Relations,,,,
60952,,,60952 - Plain Community Program,,,,
60953,,,60953=Clinical Informatics Educ (Project One) Co=600,,,,
60954,,,60954-Postal Services,,,,
60955,,,60955-Patient Representative/CE,,,,
60960,,,60960-Development,,,,
60962,,,60962-Gift Shop-ECH-1st floor,,,,
60965,,,60965-Home Care,,,,
60970,,,60970-Construction,,,,
60971,,,60971 - ECH Security,,,,
60972,,,60972-Biomedical Services,,,,
60998,,,60998-FTE CALC,,,,
61101,,,61101 - Nursing A-2 - GH,,,,
61201,,,61201 - Nursing B-1 GH,,,,
61301,,,61301 - GB B2 Outpatient Services Unit,,,,
61401,,,61401 - Critical Care Unit - GH,,,,
61501,,,61501 - Transitional Care Center - GH,,,,
61601,,,61601 - Obstetrics - GH,,,,
61602,,,61602 - Labor and Delivery - GH,,,,
61603,,,61603 - Nursery - GH,,,,
61701,,,61701 - Nursing Administration - GH,,,,
61703,,,61703 - Regulator Review - GH,,,,
61704,,,61704-Nursing Resource Team,,,,
61901,,,61901 - Operating Room - GH,,,,
61902,,,61902 - Ambulatory Care Unit/PAP - GH,,,,
61903,,,61903 - Post Anesthesia Care Unit - GH,,,,
61904,,,61904 - Endoscope/Minor Procedure - GH,,,,
61906,,,61906 - Wellspan - Endoscopy Center (WEC),,,,
61920,,,61920 - Wellspan (GB) Surgical Center,,,,
62000,,,62000 - Ephrata Foundation-P/L,,,,
62001,,,62001 - Central Processing - GH,,,,
65000,,,65000-GSH Health Services Foundation,,,,
66010,,,66010 - Cardiovascular Admin.,,,,
66011,,,66011 - Nursing Admin.,,,,
66012,,,66012 - Educational Services,,,,
66013,,,66013 - Nursing Supervision,,,,
66014,,,66014 - Patient Transportation,,,,
66015,,,66015 - Hospice,,,,
66020,,,66020 - Floating Nursing Staff,,,,
66022,,,66022 - 2E MSICU,,,,
66023,,,66023 - 4E MSICU,,,,
66028,,,66028 - 3E MSICU,,,,
66040,,,66040 - Rehab Unit,,,,
66050,,,66050 - Pediatric Unit,,,,
66081,,,66081 - Single Rm Maternity Care Unit,,,,
66119,,,66119 - Cariovascular ICU,,,,
66120,,,66120 - ICU,,,,
66121,,,66121 - 3S Med/Surg/Telemetry,,,,
66151,,,66151-  Transitional Care Unit,,,,
66160,,,66160 - Inpatient Dialysis,,,,
66171,,,66171 - Repiratory Care Services,,,,
66172,,,66172 - Pulmonary Rehab,,,,
66173,,,66173 - Sleep Disorders Ctr,,,,
66191,,,66191 - SRMC Ancillary,,,,
66210,,,66210 - GS Sterile Supply,,,,
66211,,,66211 - General OR,,,,
66212,,,66212 - Surgical Scheduling,,,,
66215,,,66215 - GSH OP Surgery Ctr,,,,
66216,,,66216 - Endoscopy Unit,,,,
66217,,,66217 - SSU,,,,
66218,,,66218 - PACU,,,,
66220,,,66220 - Wound Care Clinic,,,,
66231,,,66231 - GSH Emergency Dept,,,,
66232,,,66232 - ED Room/Board,,,,
66233,,,66233 - Occupational Health,,,,
66235,,,66235 - Disaster Preparedness,,,,
66250,,,66250 - GS General OR Supplies,,,,
66253,,,66253 - Traction,,,,
66256,,,66256 - Purchased Medical Services,,,,
66311,,,66311 - Administration,,,,
66312,,,66312 - Board Of Directors,,,,
66314,,,66314 - Chaplaincy Services,,,,
66316,,,66316 - Courtyard Cafe,,,,
66319,,,66319 - Marketing & Strategic Planning,,,,
66322,,,66322 - Compliance,,,,
66329,,,66329 - Planning,,,,
66331,,,66331 - Materials Mgmt,,,,
66341,,,66341 - Communications,,,,
66351,,,66351 - Printing & Duplicating,,,,
66362,,,66362 - Distribution Services,,,,
66371,,,66371 - Human Resources,,,,
66372,,,66372 - Information Resources,,,,
66373,,,66373 - GI Service Line Program,,,,
66381,,,66381 - Infection Control & Employee Health,,,,
66510,,,66510 - Fiscal Services,,,,
66511,,,66511 - Laundry & Linen Services,,,,
66512,,,66512 - Sewing Room,,,,
66513,,,66513-Project One_GSH,,,,
66520,,,66520 - Patient Financial Services,,,,
66521,,,66521 - Patient Accounting Services,,,,
66531,,,66531 - Information Services,,,,
66541,,,66541 - Patient Registration Services,,,,
66614,,,66614 - Perfusion Services,,,,
66622,,,66622 - Lebanon Ambulatory Services,,,,
66623,,,66623 - Jonestown Ambulatory Services,,,,
66642,,,66642 - Palmyra Ambulatory Svcs-Im,,,,
66643,,,66643 - O/P Phyical Therapy-Palmyra,,,,
66644,,,66644 - Palmyra Ambulatory Svcs-La,,,,
66645,,,66645 - Palmyra Amubulatory Svcs-Ca,,,,
66646,,,66646 - Myerstown Ambulatory Svcs,,,,
66647,,,66647 - Myerstown Rehab,,,,
66650,,,66650 - Home Health Svcs,,,,
66660,,,66660 - Case Mgmt,,,,
66670,,,66670 - Social Services,,,,
66681,,,66681 - HIM-GSH-MRD,,,,
66682,,,66682 - Medical Library Svcs,,,,
66710,,,66710 - Rapid Response Lab,,,,
66715,,,66715 - POC Testing,,,,
66717,,,66717 - Esoteric Lab,,,,
66720,,,66720 - Lab,,,,
66723,,,66723 - Cancer Ctr Lab,,,,
66725,,,66725 - Rapid Response Blood Bank,,,,
66726,,,66726 - Blood Bank,,,,
66730,,,66730 - Recreational Therapy,,,,
66731,,,66731 - Non-Invasive Cardio Svcs,,,,
66733,,,66733 - Cardio Diagnostic Ctr,,,,
66734,,,66734 - Cardio OR,,,,
66737,,,66737 - Cardiac Cath Lab,,,,
66738,,,66738 - Cardiac Cath Prep & Recovery,,,,
66739,,,66739 - Mammography,,,,
66740,,,66740 - Radiology,,,,
66741,,,66741 - MRI,,,,
66742,,,66742 - Ultrasound,,,,
66751,,,66751 - Cancer Ctr. Admin.,,,,
66752,,,66752 - Infusion Ctr,,,,
66753,,,66753 - Radiation Oncology,,,,
66760,,,66760 - Angiography,,,,
66761,,,66761 - Nuclear Medicine,,,,
66770,,,66770 - Pharmacy,,,,
66771,,,66771 - Cancer Ctr Pharmacy,,,,
66773,,,66773 - CT,,,,
66780,,,66780 - Anesthesia,,,,
66781,,,66781 - Inpatient Physical Therapy HCP,,,,
66787,,,66787 - Speech Therapy HCP,,,,
66791,,,66791 - Inpatient Physical Therapy GSH,,,,
66792,,,66792 - Occupational Therapy HCP,,,,
66793,,,66793 - Speech Therapy GSH,,,,
66795,,,66795 - Cardiac Rehb Svcs,,,,
66796,,,66796 - Diabetic Educational Svcs,,,,
66798,,,66798 - O/P Physical Therapy Quentin,,,,
66831,,,66831 - Medical Affairs,,,,
66833,,,66833 - Residency Program,,,,
66850,,,66850 - Food Services,,,,
66861,,,66861-Maintenance GSH,,,,
66862,,,66862 - Engineering,,,,
66863,,,66863 - Biomed,,,,
66871,,,66871 - Plant Operations,,,,
66872,,,66872 - Groundskeeping,,,,
66876,,,66876 - Security,,,,
66877,,,66877 - Safety,,,,
66890,,,66890 - Environmental Svcs,,,,
66940,,,66940-GSH Auxilliary,,,,
66941,,,"66941 - Quality, Risk, & Patient Safety",,,,
66942,,,66942 - GSH Gift Shop,,,,
66970,,,66970-Corporate Accounting Unit GSH,,,,
67010,,,67010 - GSH Home Med Care_Leb,,,,
67011,,,67011-Palmyra - DME,,,,
67012,,,67012-Ephrata-New Holland-York-DME,,,,
69100,,,69100-Inpatient Administration (PH 3090),,,,
69110,,,69110-Children/Adolescent (PH xxxx),,,,
69120,,,69120-Adult Inpatient (PH 4210),,,,
69130,,,69130-Extended Acute (PH xxxx),,,,
69140,,,69140-Residential Administration (PH 6990),,,,
69150,,,69150-Girls Campus (PH 6155),,,,
69160,,,69160-Boys Campus (PH 6190),,,,
69170,,,69170-Lancaster Diversion Program (PH xxxx),,,,
69200,,,69200-Outpatient Director (PH xxxx),,,,
69201,,,69201-Mt Gretna Outpatient (PH xxxx),,,,
69202,,,69202-Plain Community Outpatient (PH 5016),,,,
69205,,,69205-Herr St Outpatient (PH xxxx),,,,
69210,,,69210-Elizabethtown Outpatient (PH xxxx),,,,
69215,,,69215-Ephrata (PH xxxx),,,,
69220,,,69220-GSH Consults (PH xxxx),,,,
69225,,,69225-Lancaster Outpatient (PH xxxx),,,,
69230,,,69230-Lancaster Psychiatric Services (PH xxxx),,,,
69235,,,69235-Lebanon Outpatient (PH xxxx),,,,
69240,,,69240-Nursing Homes (PH 5014),,,,
69245,,,69245-Paxton St Outpatient (PH xxxx),,,,
69250,,,69250-Prince St Outpatient (PH xxxx),,,,
69255,,,69255-Water St Outpatient (PH xxxx),,,,
69260,,,69260-Center for Autism and Development Disabilities Admin (PH xxxx),,,,
69261,,,69261-Center for Autism and Development Disabilities Outpatient (PH xxxx),,,,
69265,,,69265-Center for Autism and Development Disabilities ABA-C (PH xxxx),,,,
69270,,,69270-Center for Autism and Development Disabilities ABA-A (PH xxxx),,,,
69275,,,69275-Center for Autism and Development Disabilities After School (PH xxxx),,,,
69280,,,69280-Center for Autism and Development Disabilities STAP (PH xxxx),,,,
69300,,,69300-Day/IOP Administration (PH 6095),,,,
69310,,,69310-Harrisburg Adult Day (PH xxxx),,,,
69315,,,69315-Lancaster Adult Day (PH xxxx),,,,
69320,,,69320-Lancaster Child/Adolescent Day (PH xxxx),,,,
69325,,,69325-Lancaster STAP #2 (PH xxxx),,,,
69330,,,69330-Lebanon Child/Adolescent Day (PH xxxx),,,,
69335,,,69335-Lebanon STAP #2 (PH xxxx),,,,
69340,,,69340-Mt Gretna Adult Day (PH 6010),,,,
69350,,,69350-Dauphin Adult Recovery (PH xxxx),,,,
69400,,,69400-Behavorial Health Rehabilitation Services A-S Administration (PH 5015),,,,
69410,,,69410-Dauphin Behavorial Health Rehabilitation Services (PH xxxx),,,,
69415,,,69415-Lancaster Behavorial Health Rehabilitation Services (PH xxxx),,,,
69420,,,69420 - Lebanon Behavorial Health Rehabiliation Services (PH xxxx),,,,
69425,,,69425-Dauphin After School (PH xxxx),,,,
69430,,,69430-Lancaster After School (PH xxxx),,,,
69435,,,69435-Lebanon After School (PH xxxx),,,,
69440,,,69440-York After School (PH 6080),,,,
69445,,,69445-Dauphin STAP (PH xxxx),,,,
69450,,,69450-Dauphin ASD STAP (PH xxxx),,,,
69455,,,69455-Lancaster STAP (PH xxxx),,,,
69460,,,69460-Lebanon STAP (PH xxxx),,,,
69465,,,69465-Lebanon ASD STAP (PH xxxx),,,,
69470,,,69470-York STAP (PH xxxx),,,,
69500,,,69500-Family Based Administration (PH xxxx),,,,
69502,,,69502-Recovery Based Programs (PH 5890),,,,
69510,,,69510-Family Based Dauphin (PH xxxx),,,,
69515,,,69515-Family Based Lancaster (PH xxxx),,,,
69520,,,69520-Family Based Lebanon (PH xxxx),,,,
69525,,,69525-Family Based York (PH 5640),,,,
69530,,,69530-Supported Housing (6130),,,,
69535,,,69535-Partners for Progress (PH 6135),,,,
69540,,,69540-Lancaster Assertive Community Treatment (PH xxxx),,,,
69545,,,69545-Lebanon Assertive Community Treatment (PH xxxx),,,,
69550,,,69550-Peer Support Services (PH xxxx),,,,
69610,,,69610-Mt Gretna Triage (PH xxxx),,,,
69615,,,69615-Prince St Triage (PH xxxx),,,,
69620,,,69620-Lebanon Crisis (PH xxxx),,,,
69625,,,69625-Parent Training (PH 8460),,,,
69630,,,69630-Service to B&I (PH xxxx),,,,
69700,,,69700-Med Line (PH xxxx),,,,
69710,,,69710-Access Center (PH xxxx),,,,
69715,,,69715-Social Work Administration (PH xxxx),,,,
69720,,,69720-Customer Service (PH 7450),,,,
69725,,,69725-DBT Administration (PH xxxx),,,,
69730,,,69730-Food Services (PH 7010),,,,
69735,,,69735-Housekeeping (PH 7130),,,,
69740,,,69740-Laundry (PH 7120),,,,
69745,,,69745-Medical Supplies (PH xxxx),,,,
69750,,,69750-PHarmacy (PH 4520),,,,
69755,,,69755-Laboratory (PH 4530),,,,
69756,,,69756-Utilization Management (PH 8320),,,,
69757,,,69757-Clerical Support (PH 8325),,,,
69758,,,69758-Psychology Internship Program (PH 4410),,,,
69759,,,69759-Educational Therapy (PH 3210),,,,
69760,,,69760-Maintenance (PH 7220),,,,
69765,,,69765-Plant Operations (PH xxxx),,,,
69780,,,69780-Fleet (PH xxxx),,,,
69785,,,69785-Property Management (PH xxxx),,,,
69790,,,69790-Herr St Facility (PH xxxx),,,,
69791,,,69791-East Petersburg Facility (PH xxxx),,,,
69792,,,69792-Moore Park Facility (PH xxxx),,,,
69793,,,69793-Oregon Pike Facility (PH xxxx),,,,
69794,,,69794-Prince St Facility (PH xxxx),,,,
69795,,,69795-York Facility (PH xxxx),,,,
69796,,,69796-Plain Community Outpatient Building (PH xxxx),,,,
69797,,,69797-Training Center (PH xxxx),,,,
69800,,,69800-Administration (PH xxxx),,,,
69805,,,69805-HIM-Philhaven-MRD (PH 8130),,,,
69810,,,69810-Transcription (PH 8140),,,,
69815,,,69815-Corporate Accounting (PH 7310),,,,
69820,,,69820-Education (PH 7810),,,,
69821,,,69821-MHAT,,,,
69825,,,69825-Farm Accounting (PH xxxx),,,,
69835,,,69835-Employee Health (PH 7720),,,,
69840,,,69840-Safety (PH 7730),,,,
69850,,,69850-Interpretation (PH xxxx),,,,
69855,,,69855-Marketing (PH 7420),,,,
69860,,,69860-Medical Director (PH 8415),,,,
69865,,,69865-Milieu Beh Management (PH 8450),,,,
69870,,,69870-Nursing Administration (PH 7610),,,,
69875,,,69875-Operations (PH 7480),,,,
69880,,,69880-Spiritual Care & Education (PH 7510),,,,
69885,,,69885-Performance improvement (PH 8220),,,,
69890,,,69890-Patient Accounting (PH 7330),,,,
69895,,,69895-Purchasing (PH 7910),,,,
69910,,,69910-Development (PH 9015),,,,
69915,,,69915-Other Non-Operating Revenue (PH xxxx),,,,
69920,,,69920-Temp Restricted (PH xxxx),,,,
69925,,,69925-Perm Restricted (PH xxxx),,,,
71501,,,71501 - Emergency Services - GH,,,,
71502,,,71502 - ER - Physicians - GH,,,,
71503,,,71503 - ALS Unit - GH,,,,
71505,,,71505 - Emergency Preparedness,,,,
71506,,,71506 - Adams County Children's Adovacy Center,,,,
71801,,,71801 - Crisis Intervention - GH,,,,
72101,,,72101 - Pharmacy - GH,,,,
73101,,,73101 - Supply Services GH (formerly Store Room - GH),,,,
73501,,,73501 - Nutritional Services - GH,,,,
74101,,,74101 - Respiratory Therapy - GH,,,,
74103,,,74103 - Sleep Lab - GH,,,,
74502,,,74502-GH Guest Svcs,,,,
74503,,,74503 - Adams County Tobacco Control Grant - GH,,,,
75101,,,75101 - Anesthesia - GH,,,,
75102,,,75102-Anesthesia-Physicians,,,,
75501,,,75501 - Pain Management Clinic - GH,,,,
75753,,,75753-Wellspan Nurse Midwives,,,,
76101,,,76101 - X-Ray - GH,,,,
76103,,,76103 - Ultrasound - GH,,,,
76104,,,76104 - CT Scans - GH,,,,
76105,,,76105 - Nuclear Medicine - GH,,,,
76106,,,76106 - Radiation Therapy - GH,,,,
76107,,,76107 - Breast Imaging - GH,,,,
76108,,,76108 - MRI - GH,,,,
76109,,,76109 - Imaging Administration - GH,,,,
76112,,,76112-Gettysburg Orthopedics Imaging,,,,
76113,,,76113 - Aspers Imaging,,,,
76511,,,76511 - WAHC O/P Infusion,,,,
76512,,,76512 - WAHC Radiation Oncology,,,,
76513,,,76513-Oncology Program,,,,
77101,,,77101 - Lab - General - GH,,,,
77102,,,77102 - GH Lab - Physicians,,,,
77103,,,77103 - Blood Bank - GH,,,,
77105,,,77105 - Chemistry - GH,,,,
77109,,,77109 - Histology - GB Lab,,,,
77110,,,77110 - Hematology - GH,,,,
77111,,,77111 - Cytology - GH,,,,
77113,,,77113-Point of Care Testing,,,,
77501,,,77501 - WS MFM - GH,,,,
77601,,,77601 - Diabetes Education,,,,
77801,,,77801 - Anticoagulation Management Services,,,,
78101,,,78101 - Cardiology - GH,,,,
78103,,,78103 - Cardiac Cath Lab - GH,,,,
78105,,,78105 - Cardiovascular Administration - GH,,,,
78106,,,78106-Congestive Heart Failure,,,,
78501,,,78501 - Cardiac Rehab - GH,,,,
78601,,,78601-Neurology,,,,
79104,,,79104 -  PM & R Administration - GH,,,,
79106,,,79106 - PM & R - Aspers (Rehab) - OT,,,,
79108,,,79108 - GH Hospital Rehab - PT,,,,
79111,,,79111 - Herr's Ridge Rehab - PT,,,,
79114,,,79114 - Thurmont Rehab - PT,,,,
79117,,,79117 - Fairfield Rehab - PT,,,,
79120,,,79120 - Adams Health Center Rehab,,,,
79123,,,"79123 - Deatrick Commons Rehab (GB) AKA ""Go Sport""",,,,
81101,,,81101 - Administration - GH,,,,
81104,,,81104 - Foundation - GH,,,,
81105,,,81105 - Healthy Adams County - GH,,,,
81106,,,81106 - Org Learning and Planning - GH,,,,
81107,,,81107 - GH Leadership - Nursing,,,,
81108,,,81108 - GH Operations-Nursing,,,,
81150,,,81150 - Volunteer Services - GH,,,,
81301,,,81301 - Switchboard - GH,,,,
81401,,,81401 - Patient Registration - GH,,,,
81701,,,81701 - Information Services - GH,,,,
81703,,,81703-Clinical Informatics Educ (Project One) Co=500,,,,
81801,,,81801 - Community Relation - GH,,,,
82101,,,82101 - Housekeeping _ GH,,,,
83101,,,83101 - Dietary Services - GH,,,,
84101,,,84101 - Plant Operations - GH,,,,
84104,,,84104 - Security - GH,,,,
85101,,,85101 - Care Management Department,,,,
85103,,,85103 - Medical Affairs - GH,,,,
85501,,,85501-Spiritual Care and Education-G,,,,
86101,,,86101 - Medical Records - GH,,,,
91924,,,91924-HH Nursing - Franklin,,,,
